[{"id":"user-image-8c4b12363004fc46aaec4c1ff018ee86da4be347f36d4f0de8caeb5c471b0ea3250ecab34d20b02601f1a898c46ad89a1d0d5bb98bde3ed62069ce_1280.jpg","publicUrl":"np://user.desktop.nicepage.com/Site_58801719/images/8c4b12363004fc46aaec4c1ff018ee86da4be347f36d4f0de8caeb5c471b0ea3250ecab34d20b02601f1a898c46ad89a1d0d5bb98bde3ed62069ce_1280.jpg","size":456099,"fileName":"8c4b12363004fc46aaec4c1ff018ee86da4be347f36d4f0de8caeb5c471b0ea3250ecab34d20b02601f1a898c46ad89a1d0d5bb98bde3ed62069ce_1280.jpg","name":"8c4b12363004fc46aaec4c1ff018ee86da4be347f36d4f0de8caeb5c471b0ea3250ecab34d20b02601f1a898c46ad89a1d0d5bb98bde3ed62069ce_1280","width":1280,"height":853,"thumbnail":{"url":"np://user.desktop.nicepage.com/Site_58801719/images/thumbnails/8c4b12363004fc46aaec4c1ff018ee86da4be347f36d4f0de8caeb5c471b0ea3250ecab34d20b02601f1a898c46ad89a1d0d5bb98bde3ed62069ce_1280.jpg","width":250,"height":167}},{"id":"user-image-3536505.png","publicUrl":"np://user.desktop.nicepage.com/Site_58801719/images/3536505.png","size":2643,"fileName":"3536505.png","name":"3536505","width":128,"height":128,"thumbnail":{"url":"np://user.desktop.nicepage.com/Site_58801719/images/thumbnails/3536505.png","width":128,"height":128,"length":2643,"type":"png"}},{"id":"user-image-542689.png","publicUrl":"np://user.desktop.nicepage.com/Site_58801719/images/542689.png","size":1731,"fileName":"542689.png","name":"542689","width":128,"height":128,"thumbnail":{"url":"np://user.desktop.nicepage.com/Site_58801719/images/thumbnails/542689.png","width":128,"height":128,"length":1731,"type":"png"}},{"id":"user-image-logo-no-background.svg","publicUrl":"np://user.desktop.nicepage.com/Site_58801719/images/logo-no-background.svg","size":20531,"fileName":"logo-no-background.svg","name":"logo-no-background","width":1000,"height":366,"thumbnail":{"url":"np://user.desktop.nicepage.com/Site_58801719/images/logo-no-background.svg","width":250,"height":92}},{"id":"user-image-2517625.png","publicUrl":"np://user.desktop.nicepage.com/Site_58801719/images/2517625.png","size":4340,"fileName":"2517625.png","name":"2517625","width":128,"height":128,"thumbnail":{"url":"np://user.desktop.nicepage.com/Site_58801719/images/thumbnails/2517625.png","width":128,"height":128,"length":4340,"type":"png"}},{"id":"user-image-1570887.png","publicUrl":"np://user.desktop.nicepage.com/Site_58801719/images/1570887.png","size":4334,"fileName":"1570887.png","name":"1570887","width":128,"height":128,"thumbnail":{"url":"np://user.desktop.nicepage.com/Site_58801719/images/thumbnails/1570887.png","width":128,"height":128,"length":4334,"type":"png"}},{"id":"user-image-2721688.png","publicUrl":"np://user.desktop.nicepage.com/Site_58801719/images/2721688.png","size":3523,"fileName":"2721688.png","name":"2721688","width":128,"height":128,"thumbnail":{"url":"np://user.desktop.nicepage.com/Site_58801719/images/thumbnails/2721688.png","width":128,"height":128,"length":3523,"type":"png"}},{"id":"user-image-3ead5251fdc338deb000f576ca4f7b634de073ae9867c3bfe820d9d78a7a7e2592083d0ae3f2ab7db45ac52711dced582b314a809f017ade11b7e0_1280.jpg","publicUrl":"np://user.desktop.nicepage.com/Site_58801719/images/3ead5251fdc338deb000f576ca4f7b634de073ae9867c3bfe820d9d78a7a7e2592083d0ae3f2ab7db45ac52711dced582b314a809f017ade11b7e0_1280.jpg","size":220804,"fileName":"3ead5251fdc338deb000f576ca4f7b634de073ae9867c3bfe820d9d78a7a7e2592083d0ae3f2ab7db45ac52711dced582b314a809f017ade11b7e0_1280.jpg","name":"3ead5251fdc338deb000f576ca4f7b634de073ae9867c3bfe820d9d78a7a7e2592083d0ae3f2ab7db45ac52711dced582b314a809f017ade11b7e0_1280","width":852,"height":1280,"thumbnail":{"url":"np://user.desktop.nicepage.com/Site_58801719/images/thumbnails/3ead5251fdc338deb000f576ca4f7b634de073ae9867c3bfe820d9d78a7a7e2592083d0ae3f2ab7db45ac52711dced582b314a809f017ade11b7e0_1280.jpg","width":166,"height":250}},{"id":"user-image-68c642378cc2a1075a156350e2f9be078773fef4623f7dc644bc0f93d2d125a027f77bb0357a570a5003aa0b5863ee6f2f04cc1f2dd04946e5ccfe_1280.jpg","publicUrl":"np://user.desktop.nicepage.com/Site_58801719/images/68c642378cc2a1075a156350e2f9be078773fef4623f7dc644bc0f93d2d125a027f77bb0357a570a5003aa0b5863ee6f2f04cc1f2dd04946e5ccfe_1280.jpg","size":257218,"fileName":"68c642378cc2a1075a156350e2f9be078773fef4623f7dc644bc0f93d2d125a027f77bb0357a570a5003aa0b5863ee6f2f04cc1f2dd04946e5ccfe_1280.jpg","name":"68c642378cc2a1075a156350e2f9be078773fef4623f7dc644bc0f93d2d125a027f77bb0357a570a5003aa0b5863ee6f2f04cc1f2dd04946e5ccfe_1280","width":1280,"height":852,"thumbnail":{"url":"np://user.desktop.nicepage.com/Site_58801719/images/thumbnails/68c642378cc2a1075a156350e2f9be078773fef4623f7dc644bc0f93d2d125a027f77bb0357a570a5003aa0b5863ee6f2f04cc1f2dd04946e5ccfe_1280.jpg","width":250,"height":166}},{"id":"user-image-14e084c03d8f68355f486275667d6a22f831d0a79c3eb4c5d9d07fe074cae4b7af584ead879b6aceded9e0e471f8c6a33744db368ff903454bb293_1280.jpg","publicUrl":"np://user.desktop.nicepage.com/Site_58801719/images/14e084c03d8f68355f486275667d6a22f831d0a79c3eb4c5d9d07fe074cae4b7af584ead879b6aceded9e0e471f8c6a33744db368ff903454bb293_1280.jpg","size":141903,"fileName":"14e084c03d8f68355f486275667d6a22f831d0a79c3eb4c5d9d07fe074cae4b7af584ead879b6aceded9e0e471f8c6a33744db368ff903454bb293_1280.jpg","name":"14e084c03d8f68355f486275667d6a22f831d0a79c3eb4c5d9d07fe074cae4b7af584ead879b6aceded9e0e471f8c6a33744db368ff903454bb293_1280","width":1280,"height":853,"thumbnail":{"url":"np://user.desktop.nicepage.com/Site_58801719/images/thumbnails/14e084c03d8f68355f486275667d6a22f831d0a79c3eb4c5d9d07fe074cae4b7af584ead879b6aceded9e0e471f8c6a33744db368ff903454bb293_1280.jpg","width":250,"height":167}},{"id":"user-image-4411336.png","publicUrl":"np://user.desktop.nicepage.com/Site_58801719/images/4411336.png","size":2843,"fileName":"4411336.png","name":"4411336","width":128,"height":128,"thumbnail":{"url":"np://user.desktop.nicepage.com/Site_58801719/images/thumbnails/4411336.png","width":128,"height":128,"length":2843,"type":"png"}},{"id":"user-image-1063376.png","publicUrl":"np://user.desktop.nicepage.com/Site_58801719/images/1063376.png","size":1959,"fileName":"1063376.png","name":"1063376","width":128,"height":128,"thumbnail":{"url":"np://user.desktop.nicepage.com/Site_58801719/images/thumbnails/1063376.png","width":128,"height":128,"length":1959,"type":"png"}},{"id":"user-image-287623.png","publicUrl":"np://user.desktop.nicepage.com/Site_58801719/images/287623.png","size":2618,"fileName":"287623.png","name":"287623","width":128,"height":128,"thumbnail":{"url":"np://user.desktop.nicepage.com/Site_58801719/images/thumbnails/287623.png","width":128,"height":128,"length":2618,"type":"png"}},{"id":"user-image-hg5.jpg","publicUrl":"np://user.desktop.nicepage.com/Site_58801719/images/hg5.jpg","size":100583,"fileName":"hg5.jpg","name":"hg5","width":1380,"height":920,"thumbnail":{"url":"np://user.desktop.nicepage.com/Site_58801719/images/thumbnails/hg5.jpg","width":250,"height":167},"originalUrl":"//images01.nicepagecdn.com/c461c07a441a5d220e8feb1a/fe37bff253c75c9baa6e6a46/hg5.jpg"},{"id":"user-image-d7782fb5214968819a827177f51ebfc63ef3c4623000cfb09401bf028a16aaecbd5363298c4e9aec60bf1649c62a1a6997839f20303cd7f160621e_1280.jpg","publicUrl":"np://user.desktop.nicepage.com/Site_58801719/images/d7782fb5214968819a827177f51ebfc63ef3c4623000cfb09401bf028a16aaecbd5363298c4e9aec60bf1649c62a1a6997839f20303cd7f160621e_1280.jpg","size":162567,"fileName":"d7782fb5214968819a827177f51ebfc63ef3c4623000cfb09401bf028a16aaecbd5363298c4e9aec60bf1649c62a1a6997839f20303cd7f160621e_1280.jpg","name":"d7782fb5214968819a827177f51ebfc63ef3c4623000cfb09401bf028a16aaecbd5363298c4e9aec60bf1649c62a1a6997839f20303cd7f160621e_1280","width":1280,"height":853,"thumbnail":{"url":"np://user.desktop.nicepage.com/Site_58801719/images/thumbnails/d7782fb5214968819a827177f51ebfc63ef3c4623000cfb09401bf028a16aaecbd5363298c4e9aec60bf1649c62a1a6997839f20303cd7f160621e_1280.jpg","width":250,"height":167}},{"id":"user-image-7075373.png","publicUrl":"np://user.desktop.nicepage.com/Site_58801719/images/7075373.png","size":3085,"fileName":"7075373.png","name":"7075373","width":128,"height":128,"thumbnail":{"url":"np://user.desktop.nicepage.com/Site_58801719/images/thumbnails/7075373.png","width":128,"height":128,"length":3085,"type":"png"}},{"id":"user-image-2043061.png","publicUrl":"np://user.desktop.nicepage.com/Site_58801719/images/2043061.png","size":5367,"fileName":"2043061.png","name":"2043061","width":128,"height":128,"thumbnail":{"url":"np://user.desktop.nicepage.com/Site_58801719/images/thumbnails/2043061.png","width":128,"height":128,"length":5367,"type":"png"}},{"id":"user-image-1087927.png","publicUrl":"np://user.desktop.nicepage.com/Site_58801719/images/1087927.png","size":6965,"fileName":"1087927.png","name":"1087927","width":128,"height":128,"thumbnail":{"url":"np://user.desktop.nicepage.com/Site_58801719/images/thumbnails/1087927.png","width":128,"height":128,"length":6965,"type":"png"}},{"id":"user-image-5347778.png","publicUrl":"np://user.desktop.nicepage.com/Site_58801719/images/5347778.png","size":3405,"fileName":"5347778.png","name":"5347778","width":128,"height":128,"thumbnail":{"url":"np://user.desktop.nicepage.com/Site_58801719/images/thumbnails/5347778.png","width":128,"height":128,"length":3405,"type":"png"}},{"id":"user-image-522575.png","publicUrl":"np://user.desktop.nicepage.com/Site_58801719/images/522575.png","size":1869,"fileName":"522575.png","name":"522575","width":128,"height":128,"thumbnail":{"url":"np://user.desktop.nicepage.com/Site_58801719/images/thumbnails/522575.png","width":128,"height":128,"length":1869,"type":"png"}},{"id":"user-image-3868509.png","publicUrl":"np://user.desktop.nicepage.com/Site_58801719/images/3868509.png","size":3197,"fileName":"3868509.png","name":"3868509","width":128,"height":128,"thumbnail":{"url":"np://user.desktop.nicepage.com/Site_58801719/images/thumbnails/3868509.png","width":128,"height":128,"length":3197,"type":"png"}},{"id":"user-image-3053652.png","publicUrl":"np://user.desktop.nicepage.com/Site_58801719/images/3053652.png","size":2083,"fileName":"3053652.png","name":"3053652","width":128,"height":128,"thumbnail":{"url":"np://user.desktop.nicepage.com/Site_58801719/images/thumbnails/3053652.png","width":128,"height":128,"length":2083,"type":"png"}},{"id":"user-image-4858887.png","publicUrl":"np://user.desktop.nicepage.com/Site_58801719/images/4858887.png","size":3420,"fileName":"4858887.png","name":"4858887","width":128,"height":128,"thumbnail":{"url":"np://user.desktop.nicepage.com/Site_58801719/images/thumbnails/4858887.png","width":128,"height":128,"length":3420,"type":"png"}},{"id":"user-image-7879525.png","publicUrl":"np://user.desktop.nicepage.com/Site_58801719/images/7879525.png","size":2218,"fileName":"7879525.png","name":"7879525","width":128,"height":128,"thumbnail":{"url":"np://user.desktop.nicepage.com/Site_58801719/images/thumbnails/7879525.png","width":128,"height":128,"length":2218,"type":"png"}},{"id":"user-image-3944356.png","publicUrl":"np://user.desktop.nicepage.com/Site_58801719/images/3944356.png","size":3719,"fileName":"3944356.png","name":"3944356","width":128,"height":128,"thumbnail":{"url":"np://user.desktop.nicepage.com/Site_58801719/images/thumbnails/3944356.png","width":128,"height":128,"length":3719,"type":"png"}},{"id":"user-image-993891.png","publicUrl":"np://user.desktop.nicepage.com/Site_58801719/images/993891.png","size":4006,"fileName":"993891.png","name":"993891","width":128,"height":128,"thumbnail":{"url":"np://user.desktop.nicepage.com/Site_58801719/images/thumbnails/993891.png","width":128,"height":128,"length":4006,"type":"png"}},{"id":"user-image-8103468.png","publicUrl":"np://user.desktop.nicepage.com/Site_58801719/images/8103468.png","size":1845,"fileName":"8103468.png","name":"8103468","width":128,"height":128,"thumbnail":{"url":"np://user.desktop.nicepage.com/Site_58801719/images/thumbnails/8103468.png","width":128,"height":128,"length":1845,"type":"png"}},{"id":"user-image-437522.png","publicUrl":"np://user.desktop.nicepage.com/Site_58801719/images/437522.png","size":5037,"fileName":"437522.png","name":"437522","width":128,"height":128,"thumbnail":{"url":"np://user.desktop.nicepage.com/Site_58801719/images/thumbnails/437522.png","width":128,"height":128,"length":5037,"type":"png"}}]